study_id,year,era,phase_type,incremental_mechanism,adaptation_class,comparator_backbone,engagement_signal,maintenance_outcome,primary_failure_mode,secondary_signal,key_structural_read
PA001,2017,2007-2019,active-only,"goal-setting and points-based feedback added to common self-monitoring app","fixed factorial modules","common app with tracking, feedback and education","usage measured; detailed exposure frequency NR","not tested","no maintenance test","package attribution ambiguity","Useful for component decomposition during acquisition, but says little about persistence after exposure stops."
PA002,2013,2007-2019,continuous-active,"tailored motivational feedback and theory-targeted web features","static tailoring","both groups received scheduled email prompts and internet access; control used public PA websites","enhanced arm logged in substantially more often","attenuation","effect attenuation","active comparator catch-up","Early advantage disappeared by 6 months as the comparator group improved."
PA003,2018,2007-2019,active-only,"adaptive personalized daily step goals","dynamic algorithmic adaptation","both groups used the same monitoring/notification app; goals differed","frequent app use in roughly half of each arm","not tested","relative benefit amid absolute decline","active comparator saturation","Adaptive goals improved relative trajectory, but both groups still declined in absolute steps."
PA004,2009,2007-2019,active-plus-postfollowup,"tailored web advice plus PAM monitoring","static tailoring with progressive goals","both advised to increase PA; control received general PA brochure","73% regular/often PAM wear; 74% read tailored advice","no maintenance advantage","no intervention effect","post-intervention persistence absent","No clear PA benefit at intervention end or 5 months later despite substantial exposure."
PA005,2007,2007-2019,active-only,"automated tailored barrier support, planning, feedback and reminders","static tailoring","both wore monitors and received basic verbal advice; control lacked web/mobile support","weekly participation fell from >85% early to ~75% later","not tested","no maintenance test","multi-component attribution ambiguity","Active-period benefit cannot identify which package component mattered and no post-intervention durability was tested."
PA006,2015,2007-2019,active-only,"three daily SMS prompts added to Fitbit self-monitoring","static preference-based delivery timing","both groups used Fitbit and received brief goal/motivation support","about half judged 3 messages/day too many; some stopped reading","attenuation","burden / habituation","transient early response","High-frequency automated contact produced only a week-1 advantage and likely reduced attention."
PA007,2015,2007-2019,continuous-active,"targeted SMS added to shared walking resources","static targeted messaging","all groups received walking maps, website resources and PA guidance","message delivery known; actual reading/response not measured","attenuation / preserved behavior","relative advantage without absolute gain","exposure uncertainty","Midpoint advantage largely reflected less decline, not clear activity gain, and disappeared by week 24."
PA008,2015,2007-2019,continuous-active,"personalized mHealth cardiac-rehabilitation package","static personalization","intervention added mobile program to usual cardiac-rehab care","NR","not tested","behavior-outcome decoupling","no maintenance test","Walking/leisure PA improved without corresponding peak-VO2 advantage."
PA009,2016,2007-2019,active-only,"personal feedback versus personal + social-comparison feedback","fixed feedback assignment","all groups used identical step-recording smartphone; feedback layer differed","automatic step capture; high completion","not tested","no incremental value of added social comparison","active comparator saturation","Personal feedback added value over no feedback; social comparison did not clearly add value beyond personal feedback."
PA010,2019,2007-2019,acquisition-to-maintenance,"continued app diary/self-monitoring during maintenance","static individualized tailoring + graded goals","regular and plus shared app+counseling+accelerometer in acquisition; maintenance differed by app continuation","acquisition adherence ~85%; maintenance diary adherence 68.4%","no maintenance advantage","maintenance add-on redundancy","engagement decay","Continuing the diary/app during maintenance did not outperform accelerometer-only maintenance."
PA011,2026,2021-2026,multistage-adaptive-plus-followup,"response-triggered escalation of tailored/gamified support","response-adaptive sequencing (SMART)","educational control; intervention stages changed according to response","week-6 responder classification; follow-up self-monitoring continued","sustained gain","response heterogeneity / attribution complexity","adaptive treatment sequence","Promising responder trajectories, but the design does not support a simple 'gamification worked' interpretation."
PA012,2025,2021-2026,long-term-continuous,"online training and peer support layered on tracker + PAI app","static personalization","all arms received tracker + PAI; added training and then peer support","accelerometer completeness fell to 42.7% by 18 months","attenuation","no durable incremental value from extra components","attrition / missing exposure","More digital components produced only temporary separation before convergence over 18 months."
PA013,2025,2021-2026,long-term-continuous,"JITAI coaching added to step-counter self-monitoring","contextual / JITAI tailoring","both groups received step-counter app; coaching was incremental layer","~30% of possible daily step data; message reading unverified","no maintenance advantage","experienced relevance heterogeneity","exposure uncertainty / comparator saturation","Average JITAI effect was null, but perceived usefulness moderated response."
PA014,2021,2021-2026,post-program-maintenance,"tracker + professional support versus telephone counseling","personalized professional support; non-JITAI","all participants had completed same prior exercise program; maintenance support differed","tracker wear ~84%; telephone arm received ~12 calls","preserved behavior","preservation rather than further gain","digital-human equivalence","Maintenance success appeared as prevention of decline, with digital and telephone support both plausible preservation routes."
PA015,2022,2021-2026,long-duration-active,"daily step/rank app exposure on top of shared weight-management support","static app-based self-monitoring/ranking","both groups received lecture, self-weighing, monthly emails and periodic feedback","daily app checking ~80% early and ~74% later","not tested","behavior-outcome decoupling","active backbone saturation","App exposure improved PA trajectory without additional weight loss; incremental app effect sits on a substantial shared backbone."
