"term","estimate","std.error","statistic","p.value","conf.low","conf.high","df"
"(Intercept)",2.31848306817006,0.0429052122426898,54.0373289626386,1.32199590237659e-18,2.22703277303323,2.40993336330689,15
"log_leisure",0.0107730452938982,0.00255549563026942,4.21563831543801,0.000748878865975203,0.00532613529408044,0.0162199552937159,15
"age",-0.000821597228958337,0.000433819302122291,-1.89386969399239,0.0776922639350804,-0.00174626118332195,0.000103066725405279,15
"sex2",0.0463265751459164,0.0177073375304836,2.61623606971766,0.0194593855213396,0.0085842786134936,0.0840688716783392,15
"bmi",-0.00540567018241341,0.00121167309822346,-4.46132722624539,0.000457247988318107,-0.00798829025698881,-0.00282305010783802,15
"race4Non-Hispanic Black",-0.0263609474840286,0.0298560771273508,-0.882934063024632,0.391202931695433,-0.0899976695093182,0.0372757745412609,15
"race4Hispanic",0.129615849893054,0.0207466522204416,6.24755495565419,1.56210639005281e-05,0.0853954074459071,0.173836292340201,15
"race4Other",-0.00370099717788342,0.0260090716539778,-0.142296396700395,0.888739601846165,-0.0591380211351859,0.0517360267794191,15
"education3High school/some college",-0.0221725691131566,0.016186303724154,-1.36983523175026,0.190895945775243,-0.0566728588302971,0.0123277206039839,15
"education3College graduate+",-0.0659687080250477,0.0266775734165801,-2.47281516181858,0.025854873949467,-0.122830609760455,-0.00910680628964041,15
