content_id,purpose_clear,plain_language,evidence_traceability,actionability,uncertainty_calibration,causal_claim_strength,risk_relevant,safety_boundary,self_monitoring_prompt,behavior_change_support,commercial_call_to_action,coder_note
PUB-001,,,,,,,,,,,,
PUB-002,,,,,,,,,,,,
PUB-003,,,,,,,,,,,,
PUB-004,,,,,,,,,,,,
PUB-005,,,,,,,,,,,,
PUB-006,,,,,,,,,,,,
PUB-007,,,,,,,,,,,,
PUB-008,,,,,,,,,,,,
PUB-009,,,,,,,,,,,,
PUB-010,,,,,,,,,,,,
PUB-011,,,,,,,,,,,,
PUB-012,,,,,,,,,,,,
PUB-013,,,,,,,,,,,,
PUB-014,,,,,,,,,,,,
PUB-015,,,,,,,,,,,,
PUB-016,,,,,,,,,,,,
PUB-017,,,,,,,,,,,,
PUB-018,,,,,,,,,,,,
PUB-019,,,,,,,,,,,,
PUB-020,,,,,,,,,,,,
PUB-021,,,,,,,,,,,,
PUB-022,,,,,,,,,,,,
PUB-023,,,,,,,,,,,,
PUB-024,,,,,,,,,,,,
PUB-025,,,,,,,,,,,,
PUB-026,,,,,,,,,,,,
PUB-027,,,,,,,,,,,,
PUB-028,,,,,,,,,,,,
PUB-029,,,,,,,,,,,,
PUB-030,,,,,,,,,,,,
