content_id,frozen_set,local_content_filename
PUB-001,1,PUB-001.md
PUB-002,1,PUB-002.md
PUB-003,1,PUB-003.md
PUB-004,1,PUB-004.md
PUB-005,1,PUB-005.md
PUB-006,1,PUB-006.md
PUB-007,1,PUB-007.md
PUB-008,1,PUB-008.md
PUB-009,1,PUB-009.md
PUB-010,1,PUB-010.md
PUB-011,1,PUB-011.md
PUB-012,1,PUB-012.md
PUB-013,1,PUB-013.md
PUB-014,1,PUB-014.md
PUB-015,1,PUB-015.md
PUB-016,1,PUB-016.md
PUB-017,1,PUB-017.md
PUB-018,1,PUB-018.md
PUB-019,1,PUB-019.md
PUB-020,1,PUB-020.md
PUB-021,1,PUB-021.md
PUB-022,1,PUB-022.md
PUB-023,1,PUB-023.md
PUB-024,1,PUB-024.md
PUB-025,1,PUB-025.md
PUB-026,1,PUB-026.md
PUB-027,1,PUB-027.md
PUB-028,1,PUB-028.md
PUB-029,1,PUB-029.md
PUB-030,1,PUB-030.md
