researcher,research_note_slug,doi,official_article_url,source_version,note_review_status,checked_at
Gina Wren,digital-component-burden-factorial-optimisation,10.1038/s41746-026-03231-y,https://www.nature.com/articles/s41746-026-03231-y,PEER_REVIEWED_EARLY_ONLINE_PENDING_VOR,PENDING_CATHERINE_REVIEW,2026-10-10
John Powell,influencer-health-outcomes-to-observable-action,10.1016/j.socscimed.2023.116472,https://doi.org/10.1016/j.socscimed.2023.116472,VOR_2024,PENDING_CATHERINE_REVIEW,2026-10-10
John Powell,influencer-health-outcomes-to-observable-action,10.2196/jmir.3340,https://www.jmir.org/2014/9/e186/,VOR_2014,PENDING_CATHERINE_REVIEW,2026-10-10
David Nunan,evidence-learning-versus-decision-enactment,10.1016/j.focus.2025.100473,https://pmc.ncbi.nlm.nih.gov/articles/PMC13049646/,VOR_2026_FIRST_ONLINE_2025,PENDING_CATHERINE_REVIEW,2026-10-10
Rebecca Nourse,self-care-design-requirements-to-enactment,10.2196/72589,https://www.jmir.org/2025/1/e72589,VOR_2025,PENDING_CATHERINE_REVIEW,2026-10-10
Moscho Michalopoulou,stay-active-design-to-observed-enactment,10.1186/s12884-022-04539-9,https://link.springer.com/article/10.1186/s12884-022-04539-9,VOR_2022,PENDING_CATHERINE_REVIEW,2026-10-10
Moscho Michalopoulou,stay-active-design-to-observed-enactment,10.1186/s12884-024-06508-w,https://link.springer.com/article/10.1186/s12884-024-06508-w,VOR_2024_NON_RANDOMISED,PENDING_CATHERINE_REVIEW,2026-10-10
Rakoen Maertens,misinformation-booster-memory-versus-action,10.1038/s41467-025-57205-x,https://www.nature.com/articles/s41467-025-57205-x,VOR_2025,PENDING_CATHERINE_REVIEW,2026-10-10
Trisha Greenhalgh,nasss-complexity-over-time-implementation,10.1186/s12916-018-1050-6,https://link.springer.com/article/10.1186/s12916-018-1050-6,VOR_2018,PENDING_CATHERINE_REVIEW,2026-10-10
Lucy Foulkes,self-diagnosis-clinician-accounts-versus-adolescent-decisions,10.1111/camh.70102,https://acamh.onlinelibrary.wiley.com/doi/10.1111/camh.70102,VOR_EARLY_VIEW,PENDING_CATHERINE_REVIEW,2026-10-10
