research_note_slug,source_doi,source_title,citation_year,source_version,authority_url,metadata_verification,bibliographic_note,verified_at_utc
ai-health-literacy-to-action,10.1038/s41591-025-03618-6,A vaccine chatbot intervention for parents to improve HPV vaccination uptake among middle school girls: a cluster randomized trial,2025,VOR,https://www.nature.com/articles/s41591-025-03618-6,verified,Published 7 Apr 2025; Nature Medicine 31:1855-1862,2026-10-10
ai-health-literacy-to-action,10.1001/jamanetworkopen.2026.34696,AI Chatbot Use for Human Papillomavirus Vaccine Literacy in Japan: A Randomized Clinical Trial,2026,VOR,https://jamanetwork.com/journals/jamanetworkopen/fullarticle/2854271,verified,Published 21 Sep 2026; JAMA Network Open 9(9):e2634696,2026-10-10
ai-social-licence-versus-consent-action,10.1071/HC26041,End-user perspectives on the use of personal health information for AI development and the use of AI in care: an interview study,2026,VOR_online_ahead_of_print,https://pubmed.ncbi.nlm.nih.gov/42161573/,verified,Published online 21 May 2026; issue assignment not verified,2026-10-10
bct-enactment-programme-theory,10.1111/bjhp.12744,Evaluating the Let's Move It intervention programme theory for adolescents' physical activity: Theorized psychosocial mechanisms of behavioural changes,2025,VOR,https://onlinelibrary.wiley.com/doi/abs/10.1111/bjhp.12744,verified,"First online 24 Sep 2024; journal issue 2025, volume 30(1)",2026-10-10
digital-add-on-active-comparator,10.1136/bjsports-2020-103121,Randomised controlled trial of an augmented exercise referral scheme using web-based behavioural support for inactive adults with chronic health conditions: the e-coachER trial,2021,VOR,https://pubmed.ncbi.nlm.nih.gov/33247001/,verified,"Online 27 Nov 2020; issue year 2021, 55(8):444-450",2026-10-10
digital-add-on-active-comparator,10.1186/s12966-022-01360-7,"A process evaluation, with mediation analysis, of a web-based intervention to augment primary care exercise referral schemes: the e-coachER randomised controlled trial",2022,VOR,https://link.springer.com/article/10.1186/s12966-022-01360-7,verified,Published 29 Sep 2022; volume 19 article 128,2026-10-10
digital-add-on-active-comparator,10.1136/bmjopen-2023-080472,Mechanisms of impact of web-based support and self-monitoring to augment and maintain physical activity levels,2024,VOR,https://pubmed.ncbi.nlm.nih.gov/39477258/,verified,Published 29 Oct 2024; volume 14(10):e080472; shorter title is quoted in some notes,2026-10-10
digital-health-literacy-measuring-ai-judgment,10.2196/89136,Factors Associated With Digital Health Literacy in the United Kingdom: Cross-Sectional Online Survey,2026,VOR,https://www.jmir.org/2026/1/e89136,verified,Published 8 Jul 2026; JMIR 28:e89136; preprint existed from Dec 2025,2026-10-10
digital-mindfulness-physical-activity,10.1016/j.mhpa.2025.100680,Getting active through mindfulness: Randomised controlled trial of a digital mindfulness-based intervention promoting physical activity engagement and enjoyment,2025,VOR,https://doi.org/10.1016/j.mhpa.2025.100680,verified,Mental Health and Physical Activity 28:100680,2026-10-10
ehealth-literacy-after-generative-ai,10.1177/20552076221119336,Assessing eHealth literacy among internet users in Lebanon: A cross-sectional study,2022,VOR,https://journals.sagepub.com/doi/10.1177/20552076221119336,verified,First published online 9 Aug 2022; DIGITAL HEALTH volume 8,2026-10-10
exposure-to-observable-behaviour,10.1098/rsos.251377,Misinformation interventions and online sharing behaviour: lessons learned from two pre-registered field studies,2025,VOR,https://pubmed.ncbi.nlm.nih.gov/41307058/,verified,Published 26 Nov 2025; Royal Society Open Science 12(11):251377; OSF prior versions exist,2026-10-10
exposure-to-observable-behaviour,10.37016/mr-2020-193,Prebunking misinformation techniques in social media feeds: Results from an Instagram field study,2026,VOR,https://www.repository.cam.ac.uk/items/6e044785-3e91-4a8c-a0d9-462200fa9d2a,verified,Published 2026 in Harvard Kennedy School Misinformation Review 7(1); Cambridge repository labels Published version,2026-10-10
healthcare-trust-ai-source-attribution,10.3389/fpubh.2025.1568836,Development and validation of the S-TIMHSS: a quality metric to inform and evaluate interventions to (re)build trust,2025,VOR,https://pubmed.ncbi.nlm.nih.gov/40371282/,verified,Published 30 Apr 2025; Frontiers in Public Health 13:1568836,2026-10-10
maintenance-versus-continued-support,10.1186/s12966-025-01802-y,"Maintaining physical activity in people with long-term conditions following engagement in physical activity referral schemes: barriers, enablers, and intervention strategies",2025,VOR,https://pubmed.ncbi.nlm.nih.gov/40702509/,verified,Published 23 Jul 2025; IJBNPA 22:102,2026-10-10
mapped-component-enacted-mechanism,10.2196/32669,A Tailored App for the Self-management of Musculoskeletal Conditions: Evidencing a Logic Model of Behavior Change,2022,VOR,https://pmc.ncbi.nlm.nih.gov/articles/PMC8941434/,verified,Published 8 Mar 2022; JMIR Formative Research 6(3):e32669,2026-10-10
mapped-component-enacted-mechanism,10.1177/20552076231204425,Systematic co-development and testing of a digital behaviour change intervention for osteoarthritis and physical activity: Theoretical mapping and acceptability study,2023,VOR,https://journals.sagepub.com/doi/10.1177/20552076231204425,verified,Published 6 Oct 2023; DIGITAL HEALTH vol 9,2026-10-10
mhealth-engagement-before-and-after-entry,10.2196/88054,Adolescents' Engagement With an mHealth Multiple Health Behavior Change Intervention (LIFE4YOUth): Mixed Methods and Qualitative Comparative Analysis,2026,VOR,https://pmc.ncbi.nlm.nih.gov/articles/PMC13022553/,verified,Published 12 Mar 2026; JMIR mHealth and uHealth 14:e88054,2026-10-10
micropatterns-behavioural-unit,10.1123/jpah.2026-0300,Boosting Everyday Movement: Codesigning a Digital Micropatterns Intervention With Socioeconomically Diverse UK and Australian Communities,2026,VOR_early_online,https://www.gla.ac.uk/schools/cardiovascularmetabolic/research/metabolic-diseases/lifestyle-sports-exercise/,verified,Publisher DOI; 6 Oct 2026 online publication; replaces preprint 10.1101/2025.10.29.25339035 as citation of record,2026-10-10
micropatterns-behavioural-unit,10.1101/2025.10.28.25339013,Multi-Centre Randomised Controlled Feasibility Testing of a Physical Activity Micropattern Intervention Among Socioeconomically Diverse Women,2025,PREPRINT_v2,https://www.medrxiv.org/content/10.1101/2025.10.28.25339013v2,verified,v2 posted 10 Nov 2025; Mark Hamer added to author list; not peer reviewed; no published journal version confirmed in this pass,2026-10-10
misinformation-correction-in-conversational-ai,10.1057/s41599-021-00752-7,How shades of truth and age affect responses to COVID-19 (Mis)information: randomized survey experiment among WhatsApp users in UK and Brazil,2021,VOR,https://www.nature.com/articles/s41599-021-00752-7,verified,Published 23 Mar 2021; journal 8:88; official DOI now included explicitly in audit,2026-10-10
misinformation-correction-in-conversational-ai,10.1080/29986907.2025.2580989,"Overcoming informational conflict: The role, limits, and new opportunities of expert voices in crisis and risk communication",2025,VOR,https://www.tandfonline.com/doi/abs/10.1080/29986907.2025.2580989,verified,Published online 6 Nov 2025; Crisis and Risk Communication 1(1-2):122-135; commentary not experiment,2026-10-10
scientist-trust-local-versus-general-effects,10.1177/09636625241300896,The effect of scientific conspiracy theories on scepticism towards biotechnologies,2025,VOR,https://journals.sagepub.com/doi/10.1177/09636625241300896,verified,First online 4 Dec 2024; journal volume 34(5):646-664 2025,2026-10-10
